feature,mean_abs_shap
perplexity,0.039906254927022274
type_token_ratio,0.02445729446326733
punct_period_per100w,0.018629863078820464
hapax_ratio,0.01853771800279888
pos_prep,0.012192310656240279
avg_sentence_len,0.01182460722913573
punct_colon_per100w,0.01066302586546782
"trigram_.

",0.010533303243404334
trigram_and,0.009814294250022967
std_sentence_len,0.009644580118975257
fw_the,0.009502953325661036
pos_noun,0.009015519783990317
fw_and,0.008874025008418966
punct_comma_per100w,0.008691244623400762
trigram_to ,0.008554890830249004
fw_as,0.00801554392303718
fw_that,0.007213935622601953
trigram_ a ,0.007188976838014525
fw_to,0.00698941526447363
punct_semicolon_per100w,0.006206631931924733
trigram_tha,0.006201309497574025
trigram_he ,0.00605462644903668
flesch_kincaid_grade,0.0058443109311650575
pos_adv,0.0050419868010422985
trigram_nd ,0.004792959040962191
total_words,0.004551291718770907
trigram_at ,0.004514655145044311
trigram_the,0.004167647529462644
trigram_ to,0.0040718376493475055
fw_a,0.004016930342093054
trigram_hat,0.0036080848698904922
fw_an,0.003502604534091741
trigram_ th,0.0034582490892767115
"trigram_, a",0.003409924569187923
trigram_as ,0.0032286977613683113
trigram_ ha,0.0031448824704112966
pos_verb,0.003016173715452162
flesch_reading_ease,0.0029211523462367448
pos_conj,0.0028819033954759557
trigram_ an,0.0027609627018963766
trigram_ wh,0.0027090491750900686
trigram_e t,0.002500965600427913
punct_dash_per100w,0.0023412624277761853
pos_det,0.002055698689380263
pos_adj,0.0019608329943073617
avg_word_len,0.001774978175685598
trigram_d t,0.001744605881562663
fw_can,0.0017427012055796496
trigram_thi,0.0017234677517713732
trigram_ ca,0.0016223744308596435
fw_once,0.0016045636957092858
trigram_re ,0.001602578898896052
trigram_es ,0.0015894563673489756
trigram_n t,0.0015856518001080605
fw_in,0.001572222170345889
trigram_his,0.001563226377695285
trigram_or ,0.0015216194379150101
pos_pronoun,0.001512316690953435
fw_or,0.0015042036711425816
trigram_ co,0.0015006126014898654
fw_it,0.0014750484171313536
trigram_n a,0.0014696634422790593
trigram_ be,0.0014581981672162948
trigram_our,0.001446529159067715
trigram_on ,0.0013980875763585602
trigram_ in,0.0013869674239067496
trigram_ng ,0.001385866393928429
trigram_ly ,0.0013727538130910905
trigram_ se,0.0013492604856737093
trigram_an ,0.0012896385749429692
trigram_ it,0.0012795257651847115
trigram_ wi,0.0012675281052414512
trigram_ut ,0.0012452170283401161
trigram_ur ,0.001208559013532431
trigram_in ,0.0011887020086131278
fw_could,0.0011698950328391002
trigram_ st,0.0011522796886882752
trigram_e i,0.0011434145762533772
trigram_her,0.001093193627388985
trigram_ing,0.0010651903706875422
trigram_you,0.0010601831136559424
fw_have,0.0010388431940196723
trigram_ts ,0.0010213682341834213
trigram_ fo,0.0010105039928962496
trigram_ers,0.0010093156037678836
trigram_t t,0.0010090849648231482
fw_but,0.0010024188868061202
trigram_wit,0.000975213489721711
trigram_of ,0.000947199207819408
trigram_ he,0.0009193455590493523
trigram_ve ,0.0009132752149533369
"trigram_s, ",0.0009058583099850274
trigram_ we,0.0008983132737139188
trigram_ ar,0.0008966091724776191
fw_you,0.0008814306347101681
trigram_ith,0.0008703416505891212
trigram_ li,0.0008470154057259511
trigram_s t,0.0008436837865125104
fw_are,0.0008283388520810688
trigram_ yo,0.0008270924295990176
trigram_for,0.0008252796844258638
trigram_com,0.0008219179735201525
trigram_ wa,0.0008194746748145312
fw_with,0.0008054750998600262
fw_they,0.0007988577034809934
trigram_s a,0.0007906734273406149
trigram_ter,0.0007835912449521497
fw_this,0.0007819839218000155
trigram_er ,0.0007791304248538918
trigram_all,0.0007666164795373655
trigram_ of,0.0007650260818415006
fw_would,0.0007554219937467427
trigram_e o,0.0007532031280331275
trigram_ate,0.0007531237433092272
trigram_are,0.00071580211257082
trigram_nt ,0.0007046665038760815
fw_by,0.0007045824836624217
trigram_s o,0.0007007356667804198
fw_of,0.000700591571098384
trigram_ati,0.0006966581171321075
fw_for,0.000695304571743432
trigram_ed ,0.0006923512426538856
punct_exclaim_per100w,0.0006891684607200313
trigram_ion,0.000689038077397545
fw_if,0.0006837156051095488
trigram_res,0.0006806067730183754
fw_on,0.0006724573653251924
trigram_e s,0.0006592985099363579
trigram_rea,0.0006522072388358626
trigram_se ,0.0006508854044753996
trigram_ re,0.000649865522868528
fw_through,0.0006489709938857774
trigram_ on,0.0006414599721857389
trigram_ere,0.000637506926437294
trigram_ce ,0.0006353964149966602
fw_not,0.0006279010826869752
trigram_ent,0.0006090485237051363
fw_was,0.0006054603784968578
fw_is,0.0006029521266639269
trigram_ess,0.0006027515323531175
trigram_pro,0.0006017410125059903
trigram_tio,0.00060077440491307
trigram_ ma,0.0005983043291565224
trigram_ so,0.0005978114850009238
fw_before,0.0005958987783330549
trigram_is ,0.0005944620331852328
trigram_le ,0.0005804379273737292
fw_into,0.0005790825013419915
fw_during,0.0005628867812624483
fw_about,0.0005554194124494854
trigram_th ,0.0005449479024484708
trigram_en ,0.0005373447884617081
fw_be,0.0005350723152353532
fw_had,0.0005158075514373212
fw_these,0.0005055674058608765
trigram_e a,0.000500870733545695
fw_over,0.00048465308721075965
trigram_ pr,0.00048411995567111183
trigram_ons,0.00046122048266666703
fw_from,0.00045661251553901476
fw_he,0.0004369847548881872
trigram_al ,0.0004299804294734765
punct_question_per100w,0.00041871481263731913
fw_we,0.00041816969976615884
fw_will,0.00039041007664941327
fw_she,0.00037484283444883334
trigram_e c,0.0003743998964340701
fw_at,0.0003739800978734264
fw_so,0.0003655013614606385
fw_i,0.0003463055078519598
fw_may,0.00034609893437191185
fw_been,0.0003155222386946432
fw_after,0.00031142916272257484
fw_against,0.00031094898389186134
fw_were,0.0002925049311447387
fw_should,0.0002549545286990227
fw_do,0.00023413529823259339
fw_then,0.00022301870139932462
fw_no,0.000195802934013243
fw_has,0.00019512282023327095
fw_those,0.00017159274318625438
fw_did,0.00017123683244875173
fw_between,0.00017106217346296536
fw_under,0.00011679071741556424
fw_off,0.0001116514133686224
fw_again,0.00010356303308942966
fw_does,0.00010339344240976173
fw_might,0.00010049132557691213
fw_very,7.86389792128101e-05
fw_being,7.717926723170123e-05
fw_must,7.278439911513816e-05
fw_above,2.2034300487656024e-05
fw_below,1.889186738806251e-05
fw_further,1.5546676763971777e-05
fw_shall,0.0
